id,title,group,review
90, The Eagle Has Landed, Book,4.509256087
1372, Che in Africa: Che Guevara's Congo Diary, Book,4.509638453
1382, The Darwin Awards II : Unnatural Selection, Book,4.470729098
253, Celtic Glory, Music,4.684854782
671, Sublte Aromatherapy, Book,4.494983981
240, Clathrate Hydrates of Natural Gases (Chemical Industries), Book,4.504462676
1813, Rock & Roll Music to the World, Music,4.457665458
1197, Adult Health Case Studies, Book,4.504628581
1105," The Secret Teachings of All Ages : An Encyclopedic Outline of Masonic, Hermetic, Qabbalistic, and Rosicrucian Symbolical Philosophy", Book,4.489352459
2460, Music of the Oriental Jews from North Africa Yemen, Music,4.469662521
928, Cabin III: The Unlawful Assembly at Winding Ridge (Cabin), Book,4.507106473
1345," Chicken Soup for the Golfer's Soul: Stories of Insight, Inspiration and Laughter on the Links (Chicken Soup Series)", Book,4.500562191
1843," Facilitative Leader, The: Behaviors that Enable Success", Book,4.481157148
2637, Dog Food, Book,4.475085768
2000, Design Considerations of Time in Fuzzy Systems (APPLIED OPTIMIZATION Volume 35) (Applied Optimization), Book,4.468599471
657," Techno Trax, Vol. 1", Music,4.480320844
2652, Howling V: The Rebirth, Video,4.454568183
459, The Civil War Collection, Book,4.504811938
1837, Rodale's Book of Practical Formulas, Book,4.50571816
601, The Training and Hiring of Journalists: (Communication and Information Science), Book,4.481610326
423, The Drowned and the Saved, Book,4.49774346
2543, Blind Descent: : An Anna Pigeon Mystery (Anna Pigeon Mysteries (Paperback)), Book,4.508436631
2539, Benchley's Best, Book,4.420126934
385," Garden Fun: Indoors & Out, in Pots & Small Spots (Quick Starts for Kids!)", Book,4.469496214
1373, Inimitables, Music,4.626350091
2294, CDMA Capacity and Quality Optimization (Telecom Engineering), Book,4.504392015
1348, Zen Seeds: Reflections of a Female Priest, Book,4.510011289
903, Appalachian Blues, Music,4.587315448
1920, We'll Soon Find Out, Music,4.789768247
1052," The Best of Operetta, Vol. 3", Music,4.633554585
2555, Bone Marrow Nei Kung: Taoist Ways to Improve Your Health by Rejuvenating Your Bone Marrow and Blood, Book,4.506143877
1872, Extreme Chan Action Pack (First Strike/Mr. Nice Guy/Rumble in the Truck/Rescue Vehicle), Video,4.426063005
2615, Got the Groove [Germany], Music,4.469660265
2397, Becoming Intercultural : An Integrative Theory of Communication and Cross-Cultural Adaptation, Book,4.50025551
2668, Subterranea: the Concert, Music,4.551796381
1555, Tolstoy: A Biography, Book,4.50350428
1006, Waldorf Schools: Kindergarten to Early Years, Book,4.503280785
1807," Among the King's Soldiers (Spirit of Appalachia, 3)", Book,4.50021036
2109," ISO 9000 Documentation Toolkit: 1994 Revised ISO 9001 Standard, The (Bk/Disk)", Book,4.509737123
2155, Pooh's Basket of Surprises (Jellybean Books), Book,4.500255504
1281, Ride, DVD,3.988363048
1408," Ptolemy's ""Almagest""", Book,4.507493406
2396, Hydropolitics in the Third World: Conflict and Cooperation in International River Basins, Book,4.448062426
1601, Integrated Learning for ERP Success: A Learning Requirements Planning Approach, Book,4.470729084
40, Renovations: A Father and Son Rebuild a House and Rediscover Each Other, Book,4.461386938
1452," Luftwaffe Vs. Raf: Flying Clothing of the Air War, 1939-45 (Schiffer Military/Aviation History)", Book,4.500243199
726, France, Video,4.411559941
1425," Workbook in Spanish First Year (2nd Ed., R 44 W)", Book,4.507106181
2319, In the Time of the Butterflies, Book,4.487049627
1005, Second Helpings from Union Square Cafe: 160 New Recipes from New York's Favorite Restaurant, Book,4.490324844
2003, New Insights in Modern Astrology, Book,4.510028873
1108, Anthroposophy and Astrology : The Astronomical Letters of Elizabeth Vreede, Book,4.4885281
2043," Michelin THE GREEN GUIDE New York-New Jersey-Pennsylvania, 2e", Book,4.505304508
1926, Abba's Child: The Cry of the Heart for Intimate Belonging, Book,4.503309936
761, Marilyn-Her Life in Her Own Words: Marilyn Monroe's Revealing Last Words and Photographs, Book,4.509745822
170, Lafayette, Book,4.504178482
677, Ben Hogan's Five Lessons : The Modern Fundamentals of Golf, Book,4.499283146
2386, The Price of Passion (Avon Romance), Book,4.437929494
163, Messages to Our Family, Book,4.508047585
1045," The Best of Operetta, Vol. 2", Music,4.545873766
443, Faith and Justification (Studies in Dogmatics), Book,4.493645069
1959, Living in Spanglish: The Search for Latino Identity in America, Book,4.509649957
180, Barney: Sing and Dance with Barney, Video,4.498596856
429, Colour Meditations, Book,4.508366423
157, What about Spiritual Warfare?, Book,4.50440053
2378, Following God: Learning Life Principles from the New Testament Men of Faith (Following God Series), Book,4.420114586
1973, Transportation, Book,4.509099488
2020," The Minority Report and Other Classic Stories (Dick, Philip K. Short Stories.)", Book,4.509772745
1931, Applied Blood Group Serology, Book,4.50909242
14, Later..., Music,4.437711462
2004, Twinnings, Music,4.604408402
95," The Heavy Flak Guns, 1933-1945: 88Mm, 105Mm, 128Mm, 150Mm, and Ballistic Directional Equipment", Book,4.50993693
638, Songs Without Words, Music,4.623172607
929," Beeswax: Production, Harvesting, Processing and Products", Book,4.509519965
119," Black Friday (Soul Survivor Series, Bk. 4)", Book,4.502430374
1962, Five Days in July, Music,4.461871377
2404, The Secret of Gumbo Grove, Book,4.462269082
36, Uists & Barra (Pevensey Island guides), Book,4.509387174
52, Secrets of Gypsy Love Magick (Llewellyn's New Age Series), Book,4.493053273
4, Life Application Bible Commentary: 1 and 2 Timothy and Titus, Book,4.509202802
1884," Current Procedural Terminology: CPT 2001 (Standard Edition, Spiral-Bound Version)", Book,4.506627596
267, Unwinnable Wars: American Power and Ethnic Conflict, Book,4.504564052
888, Bedlam, Music,4.772829379
705," Look Out, Jack! the Giant Is Back", Book,4.470747673
1720, Rabbi Abraham Ibn Ezra: Studies in the Writings of a Twelfth-Century Jewish Polymath (Harvard Judaic Texts and Studies), Book,4.504633492
398, Cobra: Original Motion Picture Soundtrack (1986 Film), Music,4.494854902
2588,7, Music,4.719546374
384, Jewish History in 100 Nutshells, Book,4.485483974
551, Vince Lombardi Video Football Card, Video,4.508941056
746, Faith in the Face of Apostasy: The Gospel According to Elijah and Elisha (The Gospel According to the Old Testament), Book,4.506320636
996, No One Can Hear You, DVD,4.131683622
1497, How to Finance a Growing Business: An Insider's Guide to Negotiating the Capital Markets, Book,4.500212732
2411, Every Eye Beholds You: A World Treasury of Prayer, Book,4.485456157
334, Getting Ready for Marriage Workbook : How to Really Get to Know the Person You're Going to Marry, Book,4.509695798
2353, Simulation and Chaotic Behavior of A-stable Stochastic Processes (Pure and Applied Mathematics (Marcel Dekker)), Book,4.508163966
2165, Profiting from Emerging Market Stocks, Book,4.505605826
1013," An Introduction to Programming with Visual Basic.NET, Fifth Edition", Book,4.509582801
2367, Smart Business Solutions: Direct Marketing and Customer Management, Book,4.509912983
511," Verdi - Il Trovatore / Levine, Milnes, Marton, Pavarotti, Metropolitan Opera", DVD,4.068710351
758, Washed Up and Through the Ringer, Music,4.440221274
1965, Inner Speed Secrets Mental Strategies to Maximize Your Racing Performance: Strategies to Maximize Your Racing Performance, Book,4.503932545
1118, Where Is Thumbkin?, Music,4.406372584
1081, Desperation, Book,4.500535152
1749, Rain of a Thousand Flames, Music,4.563777877
2104, Mimi's Tutu, Book,4.508781989
2593, The Irish Enchantress (Zebra Historical Romance S.), Book,4.509640222
1133, Angola:  Promises and Lies, Book,4.420120752
1941, Incantations magiques syriaques., Book,4.442899994
298, Tower for the Summer Heat, Book,4.508945971
1852, M. Hulot's Holiday - Criterion Collection, DVD,4.077943078
1793, Vivaldi - Gloria · Magnificat / Concerto Italiano · Rinaldo Alessandrini [+ Bonus CD · Catalogue 2000], Music,4.530428206
2012, The MAGIC YEARS, Book,4.451044029
2401," God's Diet : A Short and Simple Way to Eat Naturally, Lose Weight, and Live a Healthier Life", Book,4.4201207
2304, Looking for Cassandra Jane, Book,4.507387036
408, Christmas at Boots' Place, Music,4.559890009
2623, Time and Tide, Music,4.400323714
1, Patterns of Preaching: A Sermon Sampler, Book,4.500237235
1038, Highly Available Storage for Windows Servers, Book,4.509655973
1877, Jim Church's Essential Guide to Composition : A Simplified Approach to Taking Better Underwater Pictures, Book,4.441542019
826, How Is Jesus Different from Other Religious Leaders? (Examine the Evidence), Book,4.420126936
1253, Why Be a Mediocre Christian, Book,4.507714567
1306, About a Boy (Movie Tie-In), Book,4.500231408
695, The Healing Labyrinth: Finding Your Path to Inner Peace, Book,4.50971775
451, Memories of Lafayette, Book,4.507369975
2541, Poets of the Great War, Book,4.500249384
1898, Coaching Ymca Champions Flag Football, Book,4.42012079
1142, The Lives of the Holy Prophets, Book,4.508230946
704, Thunder From the Clear Sky, Book,4.497146144
1037, The Last Temptation: A Novel, Book,4.504620819
1914, Random House Webster's Student Notebook Writers' Guide, Book,4.470729105
383, Live At Gilley's, Music,4.602557186
2423," Much Depends on Dinner: The Extraordinary History and Mythology, Allure and Obsessions, Perils and Taboos, of an Ordinary Meal", Book,4.506415836
1773," Continuous Quality Improvement in Health Care: Theory, Implementation, and Applications", Book,4.488642497
430, LabVIEW for Data Acquisition, Book,4.505200928
2263, War and Peace : BBC (BBC Radio Presents), Book,4.498885794
1632, Pocket Companion to Obstetrics: Normal & Problem Pregnancies, Book,4.496418668
2587, Love and Responsibility, Book,4.500249389
1516, Best of Albertina Walker, Music,4.583399955
790," The Machine at Work: Technology, Work, and Organization", Book,4.508413281
592, Buster's Diaries : The True Story of a Dog and His Man, Book,4.508134365
1043," The Best of Operetta, Vol. 1", Music,4.511512753
228, Hollywood Agents & Managers Directory (Hollywood Representation Directory), Book,4.509434702
641, Perfect Fit, Music,4.466397711
2473, Flowermouth, Music,4.633551891
1479, Corazones, Music,4.487883305
2672, Schubert: Solo Piano Works, Music,4.551796381
971, I Maccabees (Anchor Bible), Book,4.509894363
2089, Diabolis Interium, Music,4.40032992
1055," Haynes Chrysler LHS Concorde, 300M, Dodge Intrepid 1998-2001 Repair Manual", Book,4.50853296
2281, Differences Between Bible Versions, Book,4.485048454
1942, Understanding Children and Adolescents (4th Edition), Book,4.456208694
702, Just The Faq*s About The Bible, Book,4.504331341
1815, Advertising (Lucent Overview Series), Book,4.508915308
1676, Smiddyburn / Flittin, Music,4.573615137
1669, The Ark, Book,4.508348794
2182, Romans in a New World: Classical Models in Sixteenth-Century Spanish America, Book,4.491068545
595, Masada, Music,4.40032992
1485, Ven Conmigo, Music,4.726497518
1672, The Evolution of Culture in Animals, Book,4.500514743
2418, Papa Was a Boy in Gray, Book,4.509928203
763, Nana, Book,4.47282565
1570, Babylon 5: Walkabout (TV Series Episode), Music,4.697442298
184, Physicians of the Soul: The Psychologies of the World's Greatest Spiritual Leaders, Book,4.469108687
1644, The Shaping of a Life : A Spiritual Landscape, Book,4.500127214
2522, Base Ten Activities (30110), Book,4.504033255
1875, Motherlove (Sharing Nature With Children Book), Book,4.500148193
817, Moses Goes to A Concert, Book,4.504453542
1913, The Champion, Book,4.454926343
935, Down Ass Chick/Smokin' and Ridin', Music,4.554518867
1092, She, Music,4.789798009
2556," Specters of Marx: The State of the Debt, the Work of Mourning, and the New International", Book,4.500238782
2497, Ithanalin's Restoration (Ethshar), Book,4.445204613
578, By the Light of the Moon, Book,4.496223488
1591, Charlie Chan - The Chinese Cat, Video,4.413893745
2002, Heavenly Answers to Earthly Questions: Simple Lessons for a Life Worth Living, Book,4.467597542
2456, Paintball! : Strategies & Tactics, Book,4.420096099
1927," Periodicity and the S- And P-Block Elements (Oxford Chemistry Primers, 51)", Book,4.500249406
1162, Relationship Pain: Why We Get Hurt and What to Do About It, Book,4.509964456
2600, I Will Be Here, Book,4.509934719
2312, Ready-to-Use Trades and Services Silhouettes (Clip Art), Book,4.480585413
759, Tiger Man, Music,4.541707328
1447, How to Make Love Six Nights a Week, Book,4.500255484
2207," Business Law: Ethical, International and E-Commerce Environment (4th Edition)", Book,4.507839908
2166," Mama, Do You Love Me?", Book,4.510054473
1908, Strauss:The Magic of Vienna, DVD,4.121151059
989, Oh What a Lovely War (Methuen Modern Play), Book,4.470714886
1135, Copycat Marketing 101: How to Copycat Your Way to Wealth, Book,4.493351802
2023, Powerboating: A Woman's Guide, Book,4.456196666
1397, Restless Breed, Music,4.493974178
1126, Hands, Music,4.511072933
1492, DK Nature Encyclopedia, Book,4.509639715
1784, End of Time: A Meditation on the Philosophy of History, Book,4.509548964
615, Testifyin'!: Live at the Village Vanguard, Music,4.500967134
1868, Detour : My Bipolar Road Trip in 4-D, Book,4.498098843
338, The Crossbow Murder, Book,4.509878873
1792, Bienvenido a Casa, Music,4.74753724
1187, It All Begins with a Date: Jewish Concerns about Intermarriage : Jewish Concerns about Intermarriage, Book,4.470744997
684," Path of Daggers (The Wheel of Time, 8)", Book,4.500255505
686, Soundstage: The Andy Kaufman Show, DVD,3.989631883
2413, Catherine McAuley and the Tradition of Mercy, Book,4.441543997
1788," Before the Wilderness: Environmental Management by Native Californians (Ballena Press Anthropological Papers, No. 40)", Book,4.5002177
1157, Subterranean Jungle, Music,4.50109679
2005, Life Out of Death: The Feminine Spirit in El Salvador, Book,4.495968441
1096, Walkabout (1971 Film), Music,4.620908492
2626," White Light, Third Edition", Book,4.420114593
1049, Devil Hunter Yohko Collection 1, DVD,4.196493396
2402, The Seasons of a Woman's Life, Book,4.508418511
2117, Electronic Warfare in the Information Age, Book,4.509950173
2244, Bagpipes & Brass, Music,4.464603938
1718, Hungry, Music,4.469656288
1798, Ultimate Sticker Book : Animal (The Ultimate Sticker Book), Book,4.442899996
1511, The Boss, Music,4.597643036
1583, The Yes Album [Bonus Tracks], Music,4.789774172
378, Time and the Verb: A Guide to Tense and Aspect, Book,4.509672974
1683, Weird Al Yankovic - Live, DVD,4.101528913
140, Power & Greed: A Short History of the World, Book,4.496741024
24," The Casebook of Sherlock Holmes, Volume 2 (Casebook of Sherlock Holmes)", Book,4.469053824
1002, Family Nurse Practitioner: Certification Review (Family Nurse Practitioner Certification Review), Book,4.500549547
2058, McNally's Alibi: An Archy McNally Novel (Archy McNally Novels), Book,4.509124045
1379, Alif Baa: Introduction to Arabic Letters and Sounds, Book,4.49791691
2669," In Focus Guatemala: A Guide to the People, Politics and Culture", Book,4.505710745
2065, The Tightwad Gazette III: Promoting Thrift as a Viable Alternative Lifestyle, Book,4.500249366
404, Charm School, Book,4.50848936
963, Convergent Architecture: Building Model Driven J2EE Systems with UML, Book,4.509885769
1473, The Camphor Flame, Book,4.506760766
453, Made in Japan, Music,4.50444389
1680," Experiences in Movement with Music, Activities, and Theory", Book,4.50997999
335, Beyond the Twin Deficits: A Trade Strategy for the 1990s, Book,4.508583492
1853, Kipper's Sunny Day: [Lift the Flap], Book,4.509866196
1432, The Triathlete's Training Diary for Dummies, Book,4.509569082
1674, Best of: Original Hits V.2, Music,4.53760635
1085," Working Beneath the Surface: Attending to the Soul's ""Hidden Agenda"" for Wholeness, Fulfillment, and Deep Spiritual Healing", Book,4.509200518
2552," The Everything Ghost Book: Spooky Stories of Haunted Houses, Phantom Spirits, Unexplained Mysteries, and More (Everything Series)", Book,4.456190472
894, The Abacus : The World's First Computer System (Includes a Working Abacus), Book,4.502788909
1580, Tiny Bites: A Guide to Gastric Surgery for the Morbidly Obese, Book,4.470753785
1237," The Elephant in the Dark : Christianity, Islam and the Sufis", Book,4.505291347
1833, Danish: An Essential Grammar (Routledge Grammars), Book,4.500236242
363, Danzig III: How the Gods Kill, Music,4.575802064
2647," Being America : Liberty, Commerce, and Violence in an American World", Book,4.482979507
1615, Dragon Ball Z - Babidi - Rivals, DVD,4.071195683
227, Lush Mechanique, Music,4.480201491
303, The Vision, Book,4.503985368
110, Casanova in Bohemia : A Novel, Book,4.500520949
807, Lacan and Language: A Reader's Guide to Ecrits, Book,4.475395013
1168, Blade Runner: Orchestral Adaptation Of Music Composed For The Motion Picture By Vangelis, Music,4.789797998
2572, Death of the Church, Book,4.489351857
2606," New Testament Apocrypha, Gospels and Related Writings", Book,4.500255518
1642, A Hint of Heather (Seduction Romance), Book,4.500255509
1937, Final Blackout, Book,4.500255496
2629, Chinese Houses and Gardens, Book,4.504194907
1199, Sunlight On The Lawn (Beverley Nichols Trilogy Book 3), Book,4.505781907
288, Unnatural Causes, Book,4.509441357
1061, Producing Vegetable Crops (5th Edition), Book,4.488228167
2114, Voices of the Doumbek, Video,4.578153877
472, Teachers' Messages for Report Cards: English-Spanish Edition, Book,4.506529795
2235, Second Exodus, Book,4.420102166
886, Decorative Mini Murals You Can Paint, Book,4.509473621
1255," Now, Pt. 1", Music,4.42490452
2196, Lethal Weapon 3, DVD,3.971384645
2038, Fletch, DVD,3.991140846
42, Pixote, DVD,4.156948049
2033, Netsuke: Fantasy and Reality in Japanese Miniature Sculpture, Book,4.476812766
766, Essex Boys, Video,4.392871348
284, Brazil, Book,4.50876058
930, Verdun, Music,4.515786719
1781, I Am Water (soy El Agua) Level 1 (Hello Reader), Book,4.5097609
1354, Bruce Lee's Fighting Method, Video,4.42347945
1082, Mulch Ado About Nothing : A Jane Jeffry Mystery (Jane Jeffry Mysteries (Paperback)), Book,4.509869491
1856, The Scarlet Empress - Criterion Collection, DVD,4.127117258
1598, Greatest Hits, Music,4.593190878
698, On Becoming a Novelist, Book,4.507548548
1602, Buzz & Flutter's Big Electronic Game Book : Big Electronic Game Books (Readers Digest Young Families), Book,4.509302591
2158, Julian's Cell: The Earthy Story of Julian of Norwich, Book,4.470723286
2455, Second Hand Smoke, Book,4.420120736
1808," Currency Derivatives : Pricing Theory, Exotic Options, and Hedging Applications (Wiley Series in Financial Engineering)", Book,4.508143014
559, The Archaeology of Ancient Israel, Book,4.475397601
1971, Quest: The Ultimate Sourcebook for Next to Nothing Adventure Travel, Book,4.506976252
2384," Women, Family and Society in Medieval Europe: Historical Essays, 1978-1991", Book,4.510049287
2636," Chrismons, They Point to Jesus", Book,4.442899951
290," The Best of Famous Monsters of Filmland, Vol. #1", Book,4.508765517
1810, Laura's Album: A Remembrance Scrapbook of Laura Ingalls Wilder, Book,4.507415082
2508, Encounters in Ethnomusicology: A Memoir (Detroit Monographs in Musicology), Book,4.504497408
2453, Wisconsin, Book,4.508404424
21, The Time Machine, DVD,3.984825154
362, What's Your Name, Music,4.436633899
2407, Code Of Silence : The Andre Coppage Story, Book,4.464141867
690, The MAN WHO ONCE WAS WHIZZER WHITE : A PORTRAIT OF JUSTICE BYRON R WHITE, Book,4.505254513
1433, Robin and Lucienne Day: Pioneers of Modern Design, Book,4.509749362
1659, Fundamentals of Engineering Thermodynamics Appendices, Book,4.50892568
158, John Wayne 2 Pack (The Man from Utah / The Star Packer / Sagebrush Trail / Riders of Destiny), DVD,3.992204276
321, What Happens After I Die?: Jewish Views of Life After Death, Book,4.490502621
167, Total Immersion, Book,4.506717116
732," Education for Values: Morals, Ethics and Citizenship in Contemporary Teaching", Book,4.503432102
371, Application of Chaos Theory to Psychological Models, Book,4.504292356
1947, A New Vision for Israel: The Teachings of Jesus in National Context (Studying the Historical Jesus), Book,4.491109254
2099, Chemistry for Dummies, Book,4.420108427
1018, Ruder Than You: Best of British Ska, Music,4.417851919
1831, Hanging On to Max, Book,4.495690063
952, The Rules of Silence, Book,4.509240983
2284," Traetta - Antigona / Bayo, Panzarella, Allemano, Polverelli, Ragon, Les talens lyriques, Rousset", Music,4.434231729
769, The Yellow Room, Music,4.583441693
1074, Scherzos (Music Scores), Book,4.504005314
9, Making Bread: The Taste of Traditional Home-Baking, Book,4.505501694
509, Flavors of St. Augustine: An Historic Cookbook, Book,4.478771734
300, Kaleidoscope (Doodle Art Super Tubes), Book,4.500255502
1023, Grayson's Diseases of the Cornea, Book,4.501953595
883, Dixie Carter's Unworkout, Video,4.362307124
1022, Bringing in a New Era in Character Education, Book,4.500551265
2631, X Raisons, Music,4.555475962
727, Teresa of Avila : The Progress of a Soul, Book,4.509156255
261, The Harvard Design School Guide to Shopping / Harvard Design School Project on the City 2, Book,4.468597491
1860, Fieras Lunaticas, Music,4.469610479
156, Parrot Heads in Paradise, Video,4.422664804
603, Everyones Sleepy, Book,4.503829197
2145, Duino Elegies : A Bilingual Edition, Book,4.497545528
35, Burnt Toast on Davenport Street, Book,4.506757638
1895, Beauty and the Beast Stickers (Dover Little Activity Books), Book,4.508133268
179, Africa Screams/Jack & The Bean, DVD,4.13168713
1564, Thug Disease [Lovin' Paper Music], Music,4.562789371
1996," Dragon Ball, Vol. 10", Book,4.465547423
741, Chicken Soup for the Teenage Soul Journal (Chicken Soup for the Soul), Book,4.508197443
2236, Plains, Music,4.789774122
890, Tab in the Ocean, Music,4.498093182
2175, Coldheart Canyon: A Hollywood Ghost Story, Book,4.509168441
2379, Bruce Chatwin : A Biography, Book,4.506760402
596, American Patriot, Music,4.40032992
1574, A Playdate With Death (Mommy-Track Mysteries (Hardcover)), Book,4.420126929
2063, Gunfight at the O.K. Corral, Book,4.500249366
2618, Surprise!, Book,4.496218116
1494, The Signed English Starter (The Signed English Series), Book,4.501620458
1621, I Love Lucy - Season One (Vol. 4), DVD,4.186697786
502, Musicology and Difference: Gender and Sexuality in Music Scholarship, Book,4.500139607
588, Southern Slavery: As It Was, Book,4.50049561
1359," Specter of the Past (Star Wars: The Hand of Thrawn, Book One)", Book,4.49298944
2462, The Practical Gardener's Encyclopedia, Book,4.500255497
865, My Wife Doesn't Cook (A Survival Guide For Men), Book,4.500255487
2347, King's Christmas Collection, Music,4.789774167
6, How the Other Half Lives: Studies Among the Tenements of New York, Book,4.50625942
2132, Art for Dummies, Book,4.50024323
545, The Helix Factor II : The Implementer's Edition, Book,4.509930241
1772," Looking Out, Looking In", Book,4.488642497
1754," Boarders Away, Volume II: Firearms of the Age of Fighting Sail", Book,4.508811284
2650, The Calling: Celebrating Sarah Vaughan, Music,4.551796381
1257, The Sinatra Files : The Secret FBI Dossier, Book,4.475073241
1910," The Complete Illustrated Guide to Woodworking - Three Volume Set: The Complete Illustrated Guide to Shaping Wood, The Complete Illustrated Guide to Furniture and Cabinet Construction, and The Complete Illustrated Guide to Joinery", Book,4.420114647
1091, Human Measure: Social Thought in the Western Legal Tradition, Book,4.509519776
941," Will I [US CD/12""]", Music,4.627292065
73, The Perfect Plan (7th Heaven), Book,4.500453287
663, Los Angeles Wedding Planner, Book,4.491076729
2007, Heart of Darkness: With the Congo Diary (Penguin Classics), Book,4.489351994
194, Viva La Monkeysuit, Book,4.50573556
2232, Steve Wariner, Music,4.400323695
465, Awake and Breathe, Music,4.510102359
887," Pak Proxy War: A Story of ISI, bin Laden and Kargil", Book,4.441544025
421, Japanese Designs (Dover Pictorial Archive Series), Book,4.501005728
1069, Best of Shari Lewis' Lamb Chop & Friends, Video,4.354515595
1357, David's Story: A Book About Surgery (Meeting the Challenge), Book,4.473369854
1462, Best Easy Day Hikes Grand Teton, Book,4.470722747
2320, Making Music with Your Computer 2E, Book,4.506814979
1370, Architects' Data, Book,4.500515084
2094, Madonna (Pop Culture Legends), Book,4.503131604
832, Magick Stamp Kit, Book,4.441541946
610, Calli's Outlaw, Book,4.509843846
2433, Gourmet Paris 2002, Book,4.504767926
1594, Lorenzo 1997: L'Albero, Music,4.575554076
854, The Fearless Executive, Book,4.506991007
64, A Charlie Brown Christmas, Book,4.50956495
659," Identity, Vol. 2", Music,4.571135164
1189, Eye Spy Colors (Peephole Books) (Peephole Books (Charlesbridge)), Book,4.508535313
1821, Hemingway's Quarrel With Androgyny, Book,4.500243282
1799, Ipsis Quest, Music,4.640827843
352, Motown Party, Music,4.672448281
1608, Rag & Bone Buffet, Music,4.705596276
51, Out on the Edge: A Wake-Up Call for Church Leaders on the Edge of the Media Reformation, Book,4.509303093
1657, Two Tenors & Qantara: Historic Live Recording of Arabic Masters, Music,4.623446152
2261, Biblia Del Diario Vivir, Book,4.496626657
1244," ""The Times"" Book of Quotations", Book,4.46003679
2544, Rich Man's Coffin, Book,4.508366214
2332, Hula Workout for Weight Loss, Video,4.473861128
1362, An Italian in America, Book,4.510036276
1109, Introducing Camus (Introducing...(Totem)), Book,4.464133885
1129, Rick Springfield - Greatest Hits...Alive, Music,4.521148117
1729, Cahiers de Droit Fiscal International:Form and Substance in Tax Law (Cahiers De Droit Fiscal International), Book,4.470753783
1735, Tornadoes, Book,4.42012075
885, Insights of Genius: Imagery and Creativity in Science and Art, Book,4.504392238
576, Society: The Basics, Book,4.481368409
897, Recycled, Music,4.421253733
1185, One Sleepy Baby (Growing Tree), Book,4.506696887
244, Phonics Pathways, Book,4.509843665
1032, German Medieval Armies 1000-1300 (Men-at-Arms Series), Book,4.482398015
1499, Creative Dance for All Ages: A Conceptual Approach, Book,4.48821808
293, Riddle, Music,4.612768395
2457, The Devil's Lane: Sex and Race in the Early South, Book,4.500535328
2598, Pulsed Neural Networks (Bradford Books), Book,4.500551459
1984, Advanced Microprocessors, Book,4.503083497
1630, Fear No Evil (St. Martin's True Crime Library), Book,4.506639406
1302, MWSS : Object-Oriented Design in Java (Mitchell Waite Signature Series), Book,4.495949713
1136," You Are That! Satsang With Gangaji, Volume 2 (You Are That!)", Book,4.507967049
67, Picture Me With My Friend Jesus: Girl Version (Picture Me), Book,4.508135456
1267, Back Stage, DVD,4.118366143
905, Yudo: Korean Judo, Video,4.383100104
172, Cherokee Bat and the Goat Guys (Weetzie Bat), Book,4.509437597
2291, Let's Wiggle, Music,4.534821674
391," The Gospel of Peace, According to Guru Granth Sahib", Book,4.496665571
1060, Future of the Disabled in Liberal Society: An Ethical Analysis (Revisions), Book,4.509630239
1901," Verdi - Otello / Domingo, Studer, Leiferkus, Vargas, D. Graves, Schade, D'Arcangelo, Chung", Music,4.58349669
1879, Deadbeat at Dawn (Special Edition), DVD,4.17793523
1907, Great Works For Harp, Music,4.657183148
532, Evangelism And Missions, Book,4.509850878
2338, Pete Moulton's A+ Training Course: A Digital Seminar on CD-ROM (2nd Edition), Book,4.491107373
2072, 15 Grandes Exitos de Nicola Di Bari en Espanol, Music,4.469656514
1530, Punktown, Book,4.509975335
92, Black No More : A Novel (Modern Library (Paperback)), Book,4.484309175
986, Little Miss Dynamite [Bear Family], Music,4.530453629
101, Separation Of Power, Book,4.509546685
318, Take Me Out to the Ballpark: A Baseball Watcher's Guide to the Game, Book,4.509364513
2521, Easter Crack-Ups: Knock-Knock Jokes Funny-Side Up (Lift-the-Flap Knock-Knock Book), Book,4.456196564
1496, Live for Now, Music,4.438094883
1935, celtic groove brand, Music,4.521976071
740, The Long Life Cookbook : Delectable Recipes for Two (Long Life Book), Book,4.508946622
939, Titanic, Video,4.388342346
313, Diversity: The Invention of A Concept, Book,4.50766724
2517, Sound of a Miracle: A Childs Triumph over Autism, Book,4.470724213
1946," Chojun Miyagi Goju Ryu Karate Do Body, Mind & Spirit", DVD,4.196536299
1236, The Failure of Presidential Democracy : The Case of Latin America (Failure of Presidential Democracy), Book,4.506969152
2199, Nato's Air War for Kosovo: A Strategic and Operational Assessment (Project Air Force Series on Operation Allied Force), Book,4.505331051
2432," The Church We Believe in: One, Holy, Catholic, and Apostolic", Book,4.500569784
614," Building Machines (Pamphlet Architecture, No 12)", Book,4.504596468
1167, Timeless Sound, Music,4.55547563
896, An Intellectual History of Psychology, Book,4.490714371
1893, Dvorak: Symphonies Nos. 7-9; Smetana: The Moldau, Music,4.789792078
1770, Amethyst Rock Star, Music,4.716854052
367, Fresh Meat, Music,4.461595859
1599, The Compact History of the Catholic Church, Book,4.497297747
1296, Mosaics: Design Sourcebook (Design Sourcebooks), Book,4.465547294
2352, How Democracy Will Elect the Antichrist, Book,4.50851698
2448, Financial Success : Harnessing the Power of Creative Thought, Book,4.454202294
136," Understanding Islam: An Introduction to the Muslim World, Third Revised and Updated Edition", Book,4.447027007
2613, Classics for a Sunday Morning, Music,4.633592031
2414, The Legend of Freedom Hill, Book,4.456184336
2056, Body and Soul [Bonus Tracks], Music,4.518970902
626, Real-World Readings in Art Education: Things Your Professor Never Told You (Garland Reference Library of Social Science), Book,4.506556752
611, Berlitz China (Berlitz Pocket Guides), Book,4.499472072
178, They Walked With Jesus: Past Life Experience With Christ, Book,4.502329716
1062, Car Insurance Secrets, Book,4.508331717
1800, Light House, Book,4.44520464
1171, Eighty Great Natural Shade Garden Plants (Ken Druse's Natural Garden Guides), Book,4.46227128
750, Emotions and Fieldwork (Qualitative Research Methods), Book,4.5005231
27, The Columbia Anthology of Gay Literature, Book,4.503469029
640, New Haven Negroes: A Social History, Book,4.493660771
948, Impurity, Music,4.507495201
1541, From Inquiry to Argument, Book,4.475584674
703, Semiconductor Sensors, Book,4.509189341
49, Murder She Wrote, Music,4.506490039
1824, Modern Psychotherapies: A Comprehensive Christian Appraisal, Book,4.508742416
2568," Choose Florida For Retirement, 2nd Edition (Choose retirement)", Book,4.50021355
819, Stalker, DVD,3.999175928
2083, The Sandor Ferenczi-Georg Groddeck Correspondence 1921-1933, Book,4.500243284
968, J.M.W. Turner, Book,4.509991046
1675, Tex Mex 101, Book,4.50529824
2092, All About Love/Magnificent Obsession, Music,4.58349661
84, The Best of Schoolhouse Rock! - 30th Anniversary Edition, Video,4.381500328
2049, Tango Magic, Video,4.490689132
1351, Serie 2 Em 1 V.1, Music,4.400329926
419, Your Cosmic Kids: Using Astrology to Understand Your Children, Book,4.508066261
2017, The Very Best of Sting and the Police, Book,4.500557624
1565, Billy Joel - The Essential Video Collection, DVD,4.083418728
700, On Ethics and Economics, Book,4.50025552
474, A Simple Path, Book,4.50025552
1986, Turnagain Ptarmigan! Where Did You Go?, Book,4.509484907
1212, Classics in Group Psychotherapy, Book,4.506734413
1465, Life Without Guilt: Healing Through Past Life Regression, Book,4.506979763
2, Candlemas: Feast of Flames, Book,4.503700076
2395, Lady for a Night, Video,4.559612319
8, Losing Matt Shepard, Book,4.499061203
1119, Cars Trucks & Trains, Music,4.400329917
835, Gospel in Esther, Book,4.486382663
1186, Uniting Church and Home Conference Album, Book,4.510006161
1597, Rhythm of the Ocean, Music,4.59970986
406, The Taoist Experience: An Anthology (S U N Y Series in Chinese Philosophy and Culture), Book,4.509452162
392, Elementary Number Theory (Student's Solution Manual), Book,4.442875299
2547, The Art of Spiritual Guidance, Book,4.509770126
343, Term Sheets & Valuations - A Line by Line Look at the Intricacies of Venture Capital Term Sheets & Valuations (Bigwig Briefs), Book,4.509858917
72, Power of Flowers: An Archetypal Journey Through Nature, Book,4.499767277
541, Forgetting Whose We Are: Alzheimer's Disease and the Love of God, Book,4.509532514
448, Making Change Happen : Practical Planning for School Leaders, Book,4.509590665
1254, Invisible Harmony: Essays on Contemplation and Responsibility, Book,4.508636153
2197, MCSA/MCSE 2000: Windows 2000 Professional (70-210) PASS-IT Exam Preparation, Book,4.487215499
2098, Oxford Dictionary of English Etymology, Book,4.448037719
1202, The Martian Chronicles, Book,4.492618961
2247, Fibonacci's Liber Abaci, Book,4.445217038
1890, Breath from Another, Music,4.583496685
924, Witness: Systematic Theology (Systematic Theology (Abingdon)), Book,4.508854164
2537, Raising Kids to Love Jesus: A Biblical Guide for Parents, Book,4.420108315
129, Cpt 2003: Current Procedural Terminology (Cpt / Current Procedural Terminology (Standard Edition)), Book,4.493310056
1491, Cujo, DVD,4.011068059
2429, Advanced Financial Accounting, Book,4.48604326
483, Stardust, Music,4.541667892
2640, The Interfacers, Book,4.420126897
1421, Human Personality and Its Survival of Bodily Death (Studies in Consciousness), Book,4.506963759
1110, The Amethyst Heart, Book,4.501972165
115, Growing Millionaire Kids, Book,4.505744105
975, Secret Service Agent/Uniformed (Passbooks for Career Opportunities), Book,4.507650623
2254, Wars of Watergate: The Last Crisis of Richard Nixon, Book,4.470753781
631, The Essential Baking Cookbook (The Essential Series), Book,4.477272691
2271, Breakthrough, Book,4.491084359
977, Architecture for Education: New School Designs from the Chicago Competition, Book,4.509987526
2177, Dog Training in 10 Minutes (Howell Reference Books), Book,4.481160233
1004, The Best of Keola and Kapono Beamer, Music,4.632846774
1346, A Country Doctor (Bantam Classic), Book,4.508633611
836, Serpieri the Sweet Smell of Woman, Book,4.496214942
2134, Tennis: Olympic Handbook of Sports Medicine, Book,4.508745774
1738, KJV Large Print Text Edition Hardback (Authorized King James Version), Book,4.488213724
1374, Darkness Descends, Music,4.493535502
2241, How to Prepare for the Advanced Placement Exam Physics B (Barron's How to Prepare for the Advanced Placement Examination. Physics B), Book,4.507470486
1573, Fragile [Bonus Tracks], Music,4.527998204
678, Policy on Geometric Design of Highways and Streets 2001, Book,4.493895413
689, Labour and Locality: Uneven Development and the Rural Labour Process (Critical Perspectives on Rural Change Series IV), Book,4.509065832
810," Ev'Ry Time I Feel the Spirit: 101 Best-Loved Psalms, Gospel Hymns, and Spiritual Songs of the African-American Church", Book,4.508800904
987, PCMCIA Software Developer's Handbook, Book,4.462268633
1246," Uses of the Other: ""The East"" in European Identity Formation (Borderlines)", Book,4.505850775
1934, New Millennium Hip-Hop Party, Music,4.523820385
602, Countdown to Extinction, Music,4.654533201
1956, GRE Prep Course (with Software), Book,4.420114589
424, Andrea Palladio 1508-1580: Architect Between the Renaissance and Baroque (Big Series), Book,4.493206286
108, General Ophthalmology, Book,4.508961551
282, Son of the Mob (Son of the Mob (Hardcover)), Book,4.50988252
2217, Dear God: Prayers for Families With Children, Book,4.420120745
411, Rachel's Song, Music,4.473724869
676, In The Big Band Mood, Music,4.540123932
1330, Is He Gay? : For Every Woman Who's Met the Ideal Man and is Wondering...Why Hasn't he Tried to Kiss Me?, Book,4.500520365
2062, He Reigns/Thrive, Music,4.471756048
1321, Christmas Cats and Dogs: Quilts to Celebrate the Season (That Patchwork Place), Book,4.446091227
1961, Down Time: Great Writers on Diving, Book,4.509187522
1377, Irrationality: Why We Don't Think Straight!, Book,4.504598653
2535, The Glass Menagerie CD, Book,4.470734711
873, Justinian's Institutes: A Parallel Text and Transaltion, Book,4.509922458
2421, Killing Blow:  Errand of Vengeance Book Two (Star Trek The Original Series), Book,4.509916879
909, Bridges of Song-Music of the Spanish Jews of Morocco, Music,4.46558457
360, Danzig II: Lucifuge, Music,4.518934378
1194," Monteverdi - L'Incoronazione di Poppea / Jacobs, Concerto Koln", DVD,4.08340816
2645, Robert Oppenheimer: Letters and Recollections (Stanford Nuclear Age Series), Book,4.46615152
2579," Twisters! (Step-Into-Reading, Step 3)", Book,4.509873262
1277, Intimate Loving: Seduction For Lovers, Video,4.439685407
1999, Bullets Over Broadway: Music From The Motion Picture, Music,4.601488274
2601, Toujours moi, Music,4.532281008
1467, Food Combining Cookbook, Book,4.509117905
707, Woodlands in Cross Stitch (Cross Stitch Ser), Book,4.420126894
1628, Top-Down Network Design, Book,4.500185816
242, Wire Fox Terrier: A Complete and Reliable Handbook (Rx-100), Book,4.509150003
617," So, Who Do You Think You Are?: Face Your Wounds, Heal Them, and Change Your Life", Book,4.50796236
667, Atlas of Approaches for General Surgery of the Dog and Cat, Book,4.50025551
1655," Latin Oldies, Vol. 4", Music,4.789792083
2325, The Consultant's Big Book of Organization Development Tools : 50 Reproducible Intervention Tools to Help Solve Your Clients' Problems, Book,4.510085735
627, Prophecies of the Bible, Book,4.509829673
1595, The Disciplined Online Investor, Book,4.486386631
420," Doomed Planet (Mission Earth, Vol 10)", Book,4.510014076
2234, After Dark, Book,4.466138692
317, Roadside (2001 Off-Broadway Cast), Music,4.495246004
2009, Crippled Giant: Nigeria Since Independence, Book,4.470722869
2374, Oppenheim Toy Portfolio Baby & Toddler Play Book (Second Edition) (Oppenheim Toy Portfolio Baby & Toddler Play Book), Book,4.506381606
345, Corrections in America: An Introduction (9th Edition), Book,4.507753891
1319, Diana Ross [1970] [Bonus Tracks], Music,4.730702538
301," Slowing Down to the Speed of Life: How To Create A More Peaceful, Simpler Life From the Inside Out", Book,4.487058052
1992, Joni Mitchell: Painting with Words and Music, Video,4.510809984
1900, The Boy in the Burning House, Book,4.420126898
1554," Lake Street, U.S.A.", Book,4.49836879
1881," Bad Girl's Three-Book Set: Bad Girl's Guide to the Open Road, Bad Girl's Guide to Getting What You Want, Bad Girl's Guide to the Party Life", Book,4.480110941
1653, Graveyard Shift, DVD,3.971405243
911, Care of the Soul: A Guide for Cultivating Depth and Sacredness in Everyday Life, Book,4.50795813
1618, Dead Heart, Video,4.575690768
1273, Earth Wind & Fire - Live, DVD,4.100387909
2532, Atlas Shrugged, Book,4.501901991
422, Mercedes (2-Volumes in 1 Book), Book,4.499421556
2307, The Epistles to the Thessalonians: A Commentary on the Greek Text (New International Greek Testament Commentary), Book,4.509950573
1514, Design Modeling with Pro/ENGINEER (Release 2001), Book,4.498476993
2611, Study of History (Study of History), Book,4.500163793
857," Radio Science Observing, Vol. 2", Book,4.490494741
1279, Biology: Principles and Explorations, Book,4.500249402
50, Still Life, Music,4.543560036
1228," Custer, Black Kettle, and the Fight on the Washita", Book,4.500249362
60," Renaissance Music: Music in Western Europe, 1400-1600 (Norton Introduction to Music History)", Book,4.509519019
645," Chinese Country Antiques: Vernacular Furniture and Accessories, C. 1780-1920", Book,4.50912393
1535, Verdi - Stiffelio / Carreras · Sass · Manuguerra · Ganzarolli · ORF Symphony Orchestra and Chorus Vienna · Gardelli, Music,4.672232712
1629, A Handbook of World Trade, Book,4.510092129
1311, Beyond Prozac : Antidotes for Modern Times, Book,4.500557613
1864, A Traveller's History of Australia (The Traveller's History Series), Book,4.508419456
2116, Powerplay (NC-17), Video,4.519346583
2592, The Letter of James (Pillar New Testament Commentary), Book,4.500255521
754, The Five Heartbeats, Video,4.385756444
229, Bob Newhart - Button Down Concert - Off the Record, Video,4.379680167
1983," WTO Disputes: Anti-Dumping, Subsidies & Safeguards", Book,4.500255506
1139, Believing in Jesus: A Popular Overview of the Catholic Faith, Book,4.500559731
1415, Christmas at the Pops [RCA], Music,4.583477084
493, Procedures for Primary Care Providers, Book,4.509972977
1243," Japanese Schooling: Patterns of Socialization, Equality, and Political Control", Book,4.497807999
2333, Committed, Music,4.583479056
1095, The Golden Chance, Book,4.501103423
2447, Victorian Dwellings for Village and Country (1885) (Dover Books on Architecture), Book,4.5002555
605, Dark Specter (Vintage Crime/Black Lizard), Book,4.495482595
1323, Twice Pardoned, Book,4.510062141
2608, Christmas in Morning After: Celebration in Brass, Music,4.68486354
2057, Java Connector Architecture: Building Enterprise Adaptors, Book,4.500569852
1658, Brands in the Balance: Meeting the Challenges to Commercial Identity, Book,4.420102241
649, Cowboy Bebop - Session 2, DVD,4.066239544
2646, Arab-Israeli Air Wars 1947-1982 (Osprey Combat Aircraft 23), Book,4.502356857
675, Generation Xercise! Debra Minghi's Cardio DJ Club Workout, Video,4.45479151
1066, Public Life in Renaissance Florence (Cornell Paperbacks), Book,4.507566306
1863, Witness Guide for Deposition or Court, Book,4.508520006
1137, Born in the U.S.A.: Bruce Springsteen and the American Tradition, Book,4.501959357
1356, The Power of Silence: Social and Pragmatic Perspectives (Language and Language Behavior), Book,4.498358468
2322, Forensic Engineering Investigation, Book,4.46231238
68, Experiencing and the Creation of Meaning: A Philosophical and Psychological Approach to the Subjective (Studies in Phenomenology and Existential Philosophy), Book,4.508917029
1885," Beethoven: Symphonies Nos. 1, 2, 4, 5", Music,4.461110292
1172, Another Page, Music,4.677254487
1692, Paris to the Moon, Book,4.42012692
1417, Tomatoes from Mars, Book,4.500255516
2633, Handbook of Electrostatic Processes, Book,4.509755387
1192, Teradata Users Guide: The Ultimate Companion, Book,4.475580262
1523, Introductory Econometrics: A Modern Approach, Book,4.464141884
564, Do Re Mi (1999 Broadway Revival Cast), Music,4.536653491
2257, Del Amanecer, Music,4.416174566
1072, Tiger on the Brink: Jiang Zemin and China's New Elite, Book,4.503146071
1224," How to Make Smart Decisions About Training: Save Money, Time, & Frustration", Book,4.509593835
1134, How Many? (Photoflaps), Book,4.448062426
2356, Highly parallel computing (The Benjamin/Cummings series in computer science and engineering), Book,4.456198873
186," Too Loud, Too Bright, Too Fast, Too Tight:  What to Do If You Are Sensory Defensive in an Overstimulating World", Book,4.509373138
881, The Legend of Pfizer, Book,4.509877182
1280, Alias Boona, Music,4.400323681
2518, Order of the Leech, Music,4.723211451
1391, Working in the Dark: Reflections of a Poet of the Barrio, Book,4.504020431
319, Cowboy, Music,4.440817447
861, Karen Voight - Energy Sprint, Video,4.353754625
1003, Finding Your Voice : Learning to Lead . . . Anywhere You Want to Make a Difference, Book,4.470722824
295, Inventing Criminology: Essays on the Rise of Homo Criminalis (S U N Y Series in Deviance and Social Control), Book,4.486383833
907, Face2Face with babies, Video,4.405435995
573, One Flew Over the Cuckoo's Nest, Book,4.420126909
1314," Men and Popular Music in Algeria: The Social Significance of Rai (Modern Middle East Series (Austin, Tex.), No. 20.)", Book,4.507093239
1123," Slang and Euphemism: A Dictionary of Oaths, Curses, Insults, Ethnic Slurs, Sexual Slang and Metaphor, Drug Talk, College Lingo, and Related Matters (Signet Reference)", Book,4.504570036
2162, The Kitchen Idea Book (Idea Book), Book,4.50055132
2245," The Spanish Redemption: Heritage, Power, and Loss on New Mexico's Upper Rio Grande", Book,4.500569914
1412, Holiness : Rabbinic Judaism in the Graeco-Roman World (Religion in the First Christian Centuries), Book,4.48115858
2216, The Four Books on Architecture, Book,4.506931055
198, Imitation of Christ, Book,4.505286254
2435," Communication for Business and the Professions, 7th edition", Book,4.509575299
786, Freedom's Lawmakers: A Directory of Black Officeholders During Reconstruction, Book,4.496982767
2022," Essential Fatty Acids in Health & Disease : Using the Essential Fats w3 and w6 to Improve Your Health, Lower Your Cholesterol, and Prevent Cardiovascular Disease", Book,4.472825624
2293," In Good Company: The Fast Track from the Corporate World to Poverty, Chastity, and Obedience", Book,4.509920614
85, Amamantar Sencillo y Puro, Book,4.50075358
1309, Freddy's Nightmares: Freddy's Tricks and Treats, Video,4.367383714
1360, An Introduction to the Theory of Numbers, Book,4.495704587
639," Modern Oral Amdo Tibetan: A Language Primer (Studies in Linguistics and Semiotics, 5)", Book,4.500504226
1995, Handbook of Bond Dissociation Energies in Organic Compounds, Book,4.465547423
1420, Swords of the Legion (Videssos Cycle), Book,4.448062449
682, Mystery Science Theater 3000 - The Brain That Wouldn't Die, DVD,4.089467165
354, Clarissa and the Countryman Sally Forth, Book,4.509752339
1850, The Case of the Cheerleading Camp Mystery (The New Adventures of Mary-Kate & Ashley #17), Book,4.509923496
1611, Purification of the Mind; Discourses by Abdul Qadir Gilani, Book,4.462266432
485, Nova's Ark, Book,4.502733814
1392, Mellow Gold [CLEAN VERSION], Music,4.679404676
1329, Miracle of Marriage, Book,4.509879648
246, One More Night, Music,4.504171581
827, Faith in a Mustard Seed, Book,4.49741413
1787, Black Stallion and Satan (Black Stallion Series), Book,4.500255488
2634, Paul McCartney Paintings, Book,4.500255514
2410, Fundamentals of Mathematics for Health Careers (Health Occupations Series), Book,4.478871273
1046, The Three Armadillies Tuff, Book,4.420077474
2405," States, Nations and Nationalism: From the Middle Ages to the Present (Making of Europe)", Book,4.470049521
2323," A+ Exam Cram 2 (Exam Cram 220-221, Exam Cram 220-222)", Book,4.48682914
1087, Peterson's Two-Year Colleges 2003/Four-Year Colleges 2003 (Peterson's Annual Guides to Undergraduate Study), Book,4.50994516
1446, Secret Obake Casebook, Book,4.50055738
359, Best of Smooth Jazz, Music,4.484091162
2205, Functional Genomics: A Practical Approach (Practical Approach Series), Book,4.500563528
616, The Best of Fattburger, Music,4.512320898
1070, I Believe [Single], Music,4.400323665
1899, The Stations of the Cross With Pope John Paul II, Book,4.499749159
2129, The Drive, Video,4.420059302
181, Legacy: The Search for Ancient Cultures, Book,4.509192633
1290, Oxford Textbook of Psychopathology, Book,4.498958141
2176, Homeopathy: Science or Myth?, Book,4.508169971
264," How to Get Filthy, Stinking Rich and Still Have Time for Great Sex! :  An Entrepreneur's Guide to Wealth and Happiness", Book,4.48089984
1176, Sacramental Guidelines: A Companion to the New Catechism for Religious Educators, Book,4.500255515
2237, The Promised Land (Modern Library Classics), Book,4.509111576
2186, James Taylor: Long Ago and Far Away, Book,4.507803764
634," The Classic Dolci of the Italian Jews, A World of Jewish Desserts", Book,4.448037298
508, Business Start-up Handbook, Book,4.478771734
984, Into the Widening World: International Coming-Of-Age Stories, Book,4.500249381
1229, Beethoven & Brahms: Violin Concertos, Music,4.457520437
2273, The Soldier's Load and the Mobility of a Nation, Book,4.445202973
1063," Indian Idea of Political Resistance: Aurobindo, Tilak, Gandhi, and Ambedkar", Book,4.509911437
1065, Eleanor of Aquitaine : A Life, Book,4.509906163
942, Even Now [Beemark], Music,4.542155309
202, The Go Go Dogs, Book,4.507046784
706, A New Owners Guide to Cavalier King Charles Spaniels (New Owner's Guide To...), Book,4.4846375
1730, Lessons from Privilege: The American Prep School Tradition, Book,4.470753783
1140, Christmas Joy, Music,4.53227214
1829, Introductory Java for Scientists and Engineers, Book,4.44154134
489, German : 2nd Ed. (Basic), Book,4.50726175
556, Simply Grand, Music,4.418942776
892, Fighting For Honor : Japanese Americans and World War II, Book,4.50759237
2016, Bridges, Music,4.613003365
1395, In Utero [Clean], Music,4.478658474
99, An Employee's Guide to Stock Options, Book,4.503176494
2336, Forever, Music,4.607316215
2504, As Time Goes By, Music,4.434232546
547, The SECRET OF THE BULLS, Book,4.509941249
2616, Bill Evans - 19 Arrangements for Solo Piano, Book,4.500255522
2071, Top Percussion, Music,4.583502742
2570, Looking for St. Tropez, Music,4.545872867
515, Jazz Steppin', Music,4.583436019
1542, Big Book of Pocket Knives: Identification & Values (Big Book of Pocket Knives), Book,4.48431311
1993," Parodias Neo Politicas, Vol. 1", Music,4.696374978
2087, Sin Killer, Book,4.50128307
752," Schubert, Haydn: Piano Trios; Mozart: Piano Quartet, K. 493", Music,4.470942184
635, The Bear: An American Folk Song, Book,4.464945805
606, Glory for Sale: Inside the Browns' Move to Baltimore & the New NFL, Book,4.503648312
575, Queen's Own Fool : A Novel of Mary Queen of Scots, Book,4.509857001
2389, Joy and Healing, Book,4.442862878
822, The Satanic Verses, Book,4.495973732
1733," A Call to Conscience : The Landmark Speeches of Dr. Martin Luther King, Jr.", Book,4.448062281
1577, Are Dragons Real?, Book,4.500249405
2251, Ocular Surface Disease: Medical and Surgical Management, Book,4.509919126
825, The Faith Factor : Proof of the Healing Power of Prayer, Book,4.508159621
2566, Sin: Radical Evil in Soul and Society, Book,4.475073249
1353," The Duel for France, 1944: The Men and Battles That Changed the Fate of Europe", Book,4.480854084
520, Chet Baker Quartet Featuring Russ Freeman, Music,4.529049504
974, Soca Stampede: Ultimate Trinidad 1999 Hits, Music,4.447714486
1989, Laughter in the Dark (New Directions Paperbook), Book,4.509374822
2118, The Warren Court and the Pursuit of Justice, Book,4.497545082
1685, Fold Real Money into Real Cool Origami (Klutz Guides), Book,4.489934594
882, Which Lie Did I Tell? : More Adventures in the Screen Trade, Book,4.507411738
1536," Living Pictures, Missing Persons : Mannequins, Museums, and Modernity", Book,4.505930187
1179, Temptation Eyes, Music,4.400323716
1847, Media and Democracy in Africa, Book,4.489851
1242, Florida's Fabulous Trail Guide (Recreation Series), Book,4.480268868
691, Your Amazing Newborn (A Merloyd Lawrence Book), Book,4.503495162
1954, The Joy of Pi, Book,4.509346068
320, Intimate Worlds, Book,4.4641419
2028," Nikola Tesla - Lectures, Patents, Articles", Book,4.500255471
2605, The Mystery of the Lost Village (Boxcar Children Mysteries), Book,4.420108473
1616, Arabian Nights, DVD,4.080602032
932, Soulshaping: Taking Care of Your Spiritual Life Through Godly Disciplines, Book,4.509412758
2567, Project Orion: The True Story of the Atomic Spaceship, Book,4.475073249
2144, Biochemistry Problem Book, Book,4.509632349
2317, Buddy Buddy, Video,4.354515583
330, Practical Skywatching (Nature Companion Series), Book,4.508008191
1513, Diana, Music,4.522871786
1363, High School Hazing: When Rites Become Wrongs (Single Title: Teen), Book,4.505289005
2394, Ten Lectures on the Interface Between Analytic Number Theory and Harmonic Analysis (Cbms Regional Conference Series in Mathematics), Book,4.500557622
1322, Going to Go-Go / Away We Go-Go, Music,4.463059664
396," Botany in a Day:  Thomas J. Elpel's Herbal Field Guide to Plant Families, 4th Ed.", Book,4.509453118
222, The World's Easiest Guide to Using the MLA : A User-Friendly Manual for Formatting Research Papers According to the Modern Language Association Style Guide, Book,4.505765271
1361, Dancing on Tisha B'av, Book,4.509762847
2583," The Sculptural Imagination: Figurative, Modernist, Minimalist", Book,4.500249375
2064, Pamela's Second Season (Zebra Regency Romance), Book,4.500249366
1660, Robert Louis Stevenson's St. Ives, DVD,4.196536347
1460, Evil Ascending/ Dark Conspiracy Series, Book,4.492655028
118, The Magic School Bus At The Waterworks : (autobus Magico Viaja Por...) (Magic School Bus), Book,4.508809267
1141, Emmylou Harris - Queen of Alternative Country: Red Dirt Girl, Book,4.503665184
415, How Can I Get Through To You?, Book,4.505388075
2554," Glamour and Turbulence: I Remember Pan Am, 1966-91", Book,4.433172005
2480, Shadrach Minkins: From Fugitive Slave to Citizen, Book,4.448062425
437, Sterile Pharmaceutical Packaging: Compatibility and Stability: Technical Report 5, Book,4.508454918
901, Royal Courts of the Ancient Maya: Volume 2: Case Studies, Book,4.503115725
554, Trance States in Tongues, Music,4.489192265
375, Accounting Procedures: The Recording Process-A Preparer's Perspective, Book,4.509580828
2223, Blues Mandolin Man: The Life and Music of Yank Rachell (American Made Music Series), Book,4.500249397
1606, People Like Us, Music,4.710822372
265, Earth Power: Techniques of Natural Magic (Llewellyn's Practical Magick), Book,4.509928506
1532, No Nuts For Me, Book,4.509140065
249, Homeschooling for Excellence, Book,4.509633636
2445, Coastal Fish Identification: California to Alaska, Book,4.420126945
2202, Hiking Lassen Volcanic National Park, Book,4.467597536
22, Come What May, Music,4.433691113
133, Bloomfield Blues, Music,4.465754924
1963, The Book of the Pomegranate: Moses de Leon's Sefer Ha-Rimmon, Book,4.50909813
1609, How to Find Your Perfect Golf Swing, Book,4.453289509
1265, Breathing Under Water, Book,4.508568633
789, Sams Teach Yourself FreeBSD in 24 Hours, Book,4.492911124
1836, You Need Never Lose At Bridge, Book,4.508550801
2045, Garfield Gets a Life, Book,4.501983971
1985, Nurturing Spirituality in Children: Simple Hands-On Activities, Book,4.494609769
829, Endangered Island Animals (The Endangered Animals Series), Book,4.509929067
1423, NC17, Music,4.575564594
1475, A Guide for Using Romeo and Juliet in the Classroom, Book,4.420102294
782, Ernest Hemingway - Wrestling With Life, Video,4.407104362
1600, A Green History of the World : The Environment and the Collapse of Great Civilizations, Book,4.500255516
797, Coast Redwood: A Natural and Cultural History, Book,4.509363147
381, 100 Happy Naked New Yorkers, Book,4.502759341
2048, Hummers: Hummingbirds of North America (Pocket Nature Guides), Book,4.500533225
79, Today's Military Wife: Meeting the Challenges of Service Life (Today's Military Wife), Book,4.509809967
2372, Gunsmith Cats: Misty's Run, Book,4.510059976
2358, Gold Rush Days (Hitty), Book,4.505257545
1325, Fortunate, Music,4.661066992
2534, Creative Paper Techniques for Scrapbooks: More Than 75 Fresh Paper Craft Ideas (Memory Makers), Book,4.489834065
500, A-1 Photography Practice Set for Accounting, Book,4.509625004
2074, A Trap to Catch Brer Rabbit, Book,4.47359792
2316, High Performance Cluster Computing: Architectures and Systems, Book,4.508403239
1214, An Anthology of Beowulf Criticism., Book,4.470753541
2513, Dead Heart, DVD,4.175237012
275, Activity Schedules for Children With Autism: Teaching Independent Behavior (Topics in Autism), Book,4.482402468
1507, Meet the Temptations, Music,4.487860015
1774, The Depeche Mode Biography and Interview, Music,4.483028415
1121, Something, Music,4.583484156
1156, Counting Kisses, Book,4.509912686
1902," Standard Time, Vol.5: The Midnight Blues", Music,4.400329933
1238, Teaching Children How to Pray, Book,4.500554569
720, Just David (Whole-Hearted Family Classics Collection) (Whole-Hearted Family Classics Collection), Book,4.461742606
1227, Psychoeducational Assessment of Preschool Children (3rd Edition), Book,4.509043574
1366, Traveling Light 2003 Block Calendar: Releasing the Burdens You Were Never Intended to Bear; The, Book,4.497145411
2482," The Saint, Set 4", DVD,4.175613387
884, Randomized Algorithms (Cambridge International Series on Parallel Computation), Book,4.509311354
377, Systematic Design of CMOS Switched-Current Bandpass Sigma-Delta Modulators for Digital Communication Chips, Book,4.478302312
2454, The Mysterious Passover Visitors, Book,4.509811278
1762, Marker Rendering (Artist's Library Series/AL24), Book,4.50937599
1327, Addiction, Book,4.448061188
1517, Just Like Floss, Book,4.498361214
112, Official Microsoft Image Composer Book, Book,4.508772467
2502, Gaelic Voices, Music,4.400329932
878," Frommer's Adventure Guides--Central America, 1st Edition (Frommer Other)", Book,4.507870793
747, China's Military Faces the Future (Studies on Contemporary China), Book,4.508250127
1193," Grandmothers Are Like Snowflakes...No Two Are Alike : Words of Wisdom, Gentle Advice, & Hilarious Observations", Book,4.475580262
460, Improve Your People Skills, Book,4.509991175
841, Daily Math Practice : Grades 6+ (Daily Math Practice), Book,4.506970455
623," Junie B., First Grader: Cheater Pants (Junie B. Jones, 21)", Book,4.50983749
366, The Book of Secrets, Music,4.429702999
898, The National Geographic Traveler: Florida (National Geographic Traveler), Book,4.507522172
2526, Breaking Open the Word of God : Resources for Using the Lectionary for Catechesis in the RCIA (Cycle C), Book,4.456202773
2290, Let's Wiggle, Music,4.583467718
195," Sixteen Scandals: 20 Years of Sex, Lies and Other Habits of Our Great Leaders", Book,4.504684464
2292," We're in This Together, Pt. 3", Music,4.518976558
2173," Sobotta Atlas of Human Anatomy: English Text with English Nomenclature, Volume 2", Book,4.420120722
47, How to Kill a Monster (Goosebumps), Book,4.503400725
818, The Sas Training Manual, Book,4.50312955
2376, Godsdog, Music,4.583419862
646, Hypnosis for Change, Book,4.510067957
34," Southern By the Grace of God: Lynyrd Skynyrd Tribute Tour, Vol. 1", Music,4.464387624
1198, Classic Wood Finishing, Book,4.510001499
2054, Flight of the Reindeer : The True Story of Santa Claus and his Christmas Mission, Book,4.420108492
340, Liszt (Master Musicians Series), Book,4.504994642
1809, Task Force Lone Bandit, Book,4.488228444
2272, How to Stir-Fry, Book,4.495705794
497, Chinese Herbal Secrets: The Key to Total Health, Book,4.508850906
2408," Champions in 3-D (Super Hero Role Playing, Stock No. 411)", Book,4.500249399
183, Funny Teddy Bear Stickers (Dover Little Activity Books), Book,4.508608807
2472, Hand Rhymes (Picture Puffins), Book,4.489849958
2140, Fritz Kreisler - Early Recordings, Music,4.513902611
1549," The Total-Body Yoga Workout: Lower Body, Abs, and Upper Body Yoga for Beginners", DVD,4.058149714
2201, Heartbeats: New Songs from Minnesota for the AIDS Quilt Songbook, Music,4.661046775
395, Leonard Bernstein (Getting to Know the World's Greatest Composers), Book,4.487425547
416, Merry Christmas from Doris Day & Dinah Shore, Music,4.497086684
436, Narrative of the Life of Frederick Douglass (Dover Thrift Editions), Book,4.506346721
1778, Complete GED Preparation (Complete GED Preparation) (Complete Ged Preparation), Book,4.505880854
2218, Feeding the Picky Eater : America's Foremost Baby and Childcare Experts Answer the Most Frequently Asked Questions, Book,4.500249351
839, Pleasurecraft, DVD,3.988190536
1911, Born into Trouble as the Sparks Fly Upward, Music,4.757248836
1218, The Denver JobBank (Adams JobBank), Book,4.500249397
1987, Capture the Moment: The Pulitzer Prize Photographs, Book,4.510071354
32, Staff Meals from Chanterelle, Book,4.507827215
2380, Training Methods That Work: A Handbook for Trainers, Book,4.506519711
1211, Statistical Models and Methods for Lifetime Data (Wiley Series in Probability & Mathematical Statistics), Book,4.509365573
879, La Mujer de Mi Hermano, Book,4.508818938
2563, Beto Jamaica & Os Irmaos Jamaica: Ao Viv, Music,4.518972456
917, The Murder of JFK: Confession of an Assassin, Video,4.376883843
182," W.C. Fields, Vol. 1 & 2", DVD,4.07731627
1826, His Mother's Son, Book,4.500255513
2210, This Gum for Hire: A Chet Gecko Mystery, Book,4.509921297
1572, Money for Nothing, Book,4.493639602
2643, The Original Thai Cookbook, Book,4.493319373
926, Foxes of the Desert: The Story of the Afrikakorps (Luftwaffe Profile Series), Book,4.509976399
417, The Oxford English-Arabic Dictionary of Current Usage, Book,4.508881805
1435, The Islamic World, Book,4.506996823
2039," The Russian Revolution, 1917", Book,4.504395218
2658, Rising from the Flames: The Experience of the Severely Burned, Book,4.505710745
735, The Adventures of Brenda Bender: Bendable Wire Heroine, Book,4.506631675
1804, India 1885-1947, Book,4.420114549
709, Club Revelation: A Novel, Book,4.452982936
871, E-Business Legal Handbook 2002, Book,4.490296544
2070, How to Stay Young and Healthy in a Toxic World, Book,4.420120777
94, The American Heritage Dictionary of Idioms, Book,4.509848096
580, Kenton in Hi-Fi, Music,4.449170473
1349," Three Complete Novels: Cold Fire, Hideaway, Key to Midnight", Book,4.448058362
388, National Geographic's Land of the Anaconda, Video,4.438497821
2082, All About Blue Crabs: And How to Catch Them, Book,4.448062417
2365, Principles of Finance (Dantes Series : No. 46), Book,4.508397357
1607, Dark Descent, DVD,4.168487692
1263, The Best American Mystery Stories 2001, Book,4.500532702
1916, Journey - Greatest Hits Live, Music,4.726500175
1396, Immunology at a Glance (At a Glance (Blackwell)), Book,4.507783314
795, Verdi: Attila, Music,4.460426834
1622, The 108 Skills of Natural Born Leaders, Book,4.420083702
1317, Stairway to Heaven: Led Zeppelin Uncensored, Book,4.482979811
891, Journey to the Centre of the Eye, Music,4.451012162
1849, 111 Days to Zion, Book,4.509803201
263," Practical Survival Tips, Tricks, & Skills", Book,4.473600679
2507, The Bible Cure, Book,4.502385073
2133, The Cornea: Second Edition on CD-ROM (For Windows and Macintosh), Book,4.508838142
1562, Fun/No Fun, Book,4.508964812
2027, Practical Atlas for Bacterial Identification, Book,4.456194458
2495, The Hebrew-Greek Key Word Study Bible: King James Version; Burgundy Bonded Leather, Book,4.478372731
1017, History of the DC Universe, Book,4.509477514
544, Masks of the World, Book,4.486369385
2120, Chinese Cooking For Beginners / Cocina China Para Principiantes, Book,4.482964992
1747, Be Aware of Scorpions, Music,4.789786151
765, Lanechange, Music,4.656006723
2609, Wake Me When It's Funny: How to Break into Show Business and Stay There, Book,4.509747971
1106," Healthy Massage, Part 3: The Legs and Feet", Video,4.432168832
2369, From the Files of Madison Finn: Play it Again - Book #3 (From the Files of Madison Finn), Book,4.509927558
999, Insights to Performance Excellence 2001: An Inside Look at the 2001 Baldridge Award Criteria, Book,4.508591622
1643, Breaking Free : A Prescription for Personal and Organizational Change (Jossey-Bass Business & Management Series), Book,4.500248865
1637, The Playaz Court, DVD,4.164341411
2167, Medieval Decorative Ornament (Dover Pictorial Archive Series), Book,4.500557624
774, Ceol More, Music,4.435396909
33," Double Jeopardy (T*Witches, 6)", Book,4.506050495
2220, Heterosexual Plots and Lesbian Narratives (The Cutting Edge : Lesbian Life and Literature), Book,4.50053584
1419, Snowboarding Experts: Freeriding--Race--Freestyle, Book,4.509968085
2639, Anatomy: A Regional Atlas of the Human Body, Book,4.420120774
2180, Microbranding: Build a Powerful Personal Brand and Beat Your Compe, Book,4.506734617
444," I Hate Stanford: 303 Reasons Why You Should, Too (I Hate...)", Book,4.502971277
327, Do It Yourself! Credit Repair (E-Z Legal Guide), Book,4.508075518
1988, The Official Dick Van Dyke Show Book, Book,4.487049663
1332, Words Were Originally Magic, Book,4.506801806
2169, The Secret Garden (Bantam Classic), Book,4.482971335
462, Because of Jesus, Book,4.500488786
1482," Rafaello'S Mistress (Harlequin Presents, No. 2217)", Book,4.500192087
2229, Danzig 4, Music,4.684860808
1120, Table Manners for Kids - Tots to Teens, Video,4.482291069
113, Jesus: A Life, Book,4.499299237
1264, Hitchhiker's Guide to Visual Basic and SQL Server, Book,4.493236064
2346, Thinking About the Baby: Gender and Transitions into Parenthood (Women in the Political Economy), Book,4.493337286
1456, Donde Jugaran Las Niñas?, Music,4.457685084
1519, Synthetic Division, Music,4.510625367
998," How to Write a Term Paper (A Speak Out, Write on! Book)", Book,4.470716262
837, Desktop Digital Studio (Sound on Sound), Book,4.50520029
1858, Hawai`i's Falsetto Returns, Music,4.42578965
792, The Best of Paco De Lucia, Music,4.449160036
226, Presentimientos, Book,4.507266883
725, Soulful Christmas [Laserlight Box Set], Music,4.449139578
1175, Did My First Mother Love Me?: A Story for an Adopted Child, Book,4.509108018
1500," International Tables for Crystallography: Reciprocal Space, Vol. B (International Tables for Crystallography)", Book,4.459198889
1010, Barney - Barney's Adventure Bus/Imagination Island, Video,4.373374293
2470, Betty Crocker's Expressipes: 100 Great Recipes in 30 Minutes or Less (Betty Crocker Home Library), Book,4.506976176
2171," Fly Patterns of Umpqua Feather Merchants: The World's 1,500 Best Flies", Book,4.509215788
1673, What If, Book,4.509431606
651," Film Editing: History, Theory and Practice : Looking at the Invisible", Book,4.507374496
1592, Operating System Concepts With Supplement, Book,4.482952309
446, Audubon 365 Birds Page-A-Day Calendar 2002, Book,4.509861315
2270, The AIDS-ET Connection, Book,4.500499322
2381, Celtic Druids, Book,4.508103563
2614, Unspeakable Joy, Music,4.705641054
2573, Gel Candles : How to Make & Market Gel Candles That Sell Like Wildfire!, Book,4.509971997
1668, Whitney Houston - Greatest Hits, Video,4.525552759
258, Hosanna, Book,4.50903243
794, Street Fighter III: Third Strike, Music,4.478316701
2487, I Just Shot Myself in the Foot Again, Music,4.664239386
1147, Turquoise Boy: A Navajo Legend (Native American Legends), Book,4.490296644
2030, The Seekers : The Story of Man's Continuing Quest to Understand His World, Book,4.500569889
1698, Cyberspace Job Search Kit 2001-2002: The Complete Guide to Online Job Seeking and Career Information (Cyberspace Job Search Kit), Book,4.509117903
2172, Kalamazoo and Southwest Michigan: Golden Memories (Voices of America) (Voices of America), Book,4.508020924
1007, Campfire Tales of Jackson Hole, Book,4.50545872
2055," Long Life, Honey in the Heart: A Story of Initiation and Eloquence from the Shores of a Mayan Lake", Book,4.48297657
1862, Spartacus - Criterion Collection, DVD,4.066268888
722, American Government: The Essentials, Book,4.461742459
2018, Urinary & Fecal Incontinence: Nursing Management, Book,4.500246214
1686, Roy Buchanan: American Axe, Book,4.506438751
2101, Crucial Decisions, Book,4.504394239
438, One Hundred Years of Solitude (Everyman's Library (Cloth)), Book,4.509138397
2446, Learn Library of Congress Classification, Book,4.5002555
315, Resurrection and Moral Order: An Outline for Evangelical Ethics, Book,4.509064117
2282, Johnny Mnemonic (Superbit Collection), DVD,4.110668079
1251, Strange Skies: Pilot Encounters With Ufos, Book,4.509375661
1805, Asian Traditions Modern Expressions, Book,4.500249377
212, Fiber-Optic Communication Systems, Book,4.507785747
2574, Plato: Apology, Book,4.509628174
2139, The Enchanted Unicorn (Wanderer Sticker Book), Book,4.507245284
122, Cocktail Hour: Lena Horne, Music,4.705617005
2151, Fields of Dreams: A Guide to Visiting and Enjoying All 30 Major League Ballparks, Book,4.505482987
2258, Todos Sus Exitos, Music,4.583476039
813, Ready-to-Go Reproducibles: Standardized Test Skill Builders for Math (Grades 3-4), Book,4.502101161
2628, Python and Tkinter Programming, Book,4.500227917
2311, Internationalization and Localization Using Microsoft .NET, Book,4.483839693
2240, Paul Schoenfield's Cafe Music, Music,4.522258202
1331, Lindberg & Friends Play Lindberg, Music,4.400329937
213, Running, Music,4.424240008
232, Review of Veterinary Physiology (The Quick Look Series in Veterinary Medicine), Book,4.509088232
1402, The World of Rosamunde Pilcher, Book,4.509743565
1714, The Best Quilts from Thimbleberries: A Collection of 50 Charming Country Quilts and Decorative Accessories, Book,4.500249258
455, The Gift of Game, Music,4.442246487
2288, The Tilted Arc Controversy: Dangerous Precedent?, Book,4.505584113
1917, SQL Server 2000 Backup and Recovery, Book,4.45298949
1709, Legend of the Wolf, Music,4.697798117
1083," Eat, Drink, & Be Merry : America's Doctor Tells You Why The Health Experts Are Wrong", Book,4.509634458
793, Faded Coat of Blue : A Novel (Abel Jones Mysteries (Paperback)), Book,4.509521628
1690, Independent Travellers Greek Island Hopping 2002: The Budget Travel Guide, Book,4.458420629
2560, Profile of a Writer: Marquez - Tales Beyond Solitude, Video,4.379796252
1097, Ahma, Music,4.550002596
1393, Loney Planet Chicago City Map (City Maps Series), Book,4.509485559
643, Swell Style : A Girl's Guide to Turning Heads (Swell Little Books), Book,4.496170471
976, Dark Continent : Europe's Twentieth Century, Book,4.506116334
961, Choice and Consequence, Book,4.50914136
